publishedAt,title,description,channelTitle,tags,categoryId,liveBroadcastContent,defaultLanguage,defaultAudioLanguage
2021-11-08T13:00:12Z,Golo 3 Latest Yoruba Movie 2021 Drama Starring Odunlade Adekola | Wunmi Ajiboye | Segun Ogungbe,"Fortified by terrestrial powers and feared by many, a dangerous and dreadful couple ensnare the people with their  nefarious activities. All efforts to put them behind bars reveals more sinister incidents. Find out more in this captivating and intriguing movie featuring Odunlade Adekola, Wunmi Ajiboye, Segun Ogungbe, Olaiya Igwe Owolabi Ajasa, Peter Ijagbemi.

Please SUBSCRIBE to APATATV+ by clicking on the Subscribe Button and don't forget to click the Bell notification button to get notified of new yoruba movies release updates.
Follow us on Instagram, Twitter and Facebook : @apatatv",APATATV+,"['latest yoruba movie 2021 new release this week', 'yoruba movies 2021 this week new release', 'new uploaded yoruba movies 2021 latest this week', 'yoruba movies', 'yoruba movies 2021 new release today', 'latest nigerian movies 2021', 'nollywood movies 2021', 'yoruba movies 2021 new release', 'apatatv yoruba movies 2021', 'golo 3 latest yoruba movie 2021', 'golo 3 yoruba movie 2021', 'golo part 3', 'golo 3 yoruba movie new release today', 'odunlade adekola', 'wunmi ajiboye', 'segun ogungbe', 'yorubahood', 'libratv']",24,none,en,yo
2021-11-13T18:38:29Z,Liberia v Nigeria | FIFA World Cup Qatar 2022 Qualifier | Match Highlights,"Victor Osimhen and Ahmed Musa both struck from the penalty spot as Nigeria remain in pole position with one game remaining in Group C of African Qualifiers. 

More African Qualifiers highlights here: 
https://www.youtube.com/playlist?list=PLCGIzmTE4d0gT-tQn442g0F7-SBWkT5Yk

Subscribe to FIFA on YouTube: 
https://www.youtube.com/channel/UCpcTrCXblq78GZrTUTLWeBw?sub_confirmation=1 

Round Two African Qualifiers | Full Matches: 
https://www.youtube.com/playlist?list=PLCGIzmTE4d0h-KZQ2k2wJY0WSRE8tqkCx 

Get your football fill from FIFA:
üëâ https://www.instagram.com/fifaworldcup             
üëâ https://www.instagram.com/fifawomensworldcup             
üëâ https://twitter.com/FIFAWorldCup             
üëâ https://twitter.com/FIFAWWC             
üëâ https://www.facebook.com/fifaworldcup             
üëâ https://www.facebook.com/fifawomensworldcup

#WorldCup",FIFATV,"['Football', 'FIFA', 'official', 'Soccer', 'Futbol', 'Futebol', 'Fu√üball', 'Fussball', 'Calcio', 'Voetbal', 'ŸÉÿ±ÿ© ŸÅŸàÿ™ÿ®ŸàŸÑ', '‡§ó‡•ã‡§≤', '‡§µ‡§∞‡•ç‡§≤‡•ç‡§° ‡§ï‡§™', '‡§∏‡•ç‡§ï‡§ø‡§≤‡•ç‡§∏', '‡§´‡•Å‡§ü‡§¨‡•â‡§≤', 'Gol', 'Piala Dunia', 'Mendribel Bola', 'Keterampilan', '‡πÑ‡∏î‡πâ‡∏õ‡∏£‡∏∞‡∏ï‡∏π', '‡∏ä‡∏¥‡∏á‡πÅ‡∏ä‡∏°‡∏õ‡πå‡πÇ‡∏•‡∏Å', '‡∏ü‡∏∏‡∏ï‡∏ö‡∏≠‡∏•', '‡∏ó‡∏±‡∏Å‡∏©‡∏∞', 'World Cup', 'FIFA World Cup', 'African World Cup Qualifying', 'CAF World Cup Qualifiers', 'World Cup Qualifiers', 'World Cup Qualifiers Live', 'match highlights', 'CAF African qualifiers', 'African Qualifiers World Cup', 'African Qualifiers', 'World Cup Qualifiers Africa', 'Africa', 'CAF World Cup']",17,none,en,en
2021-11-05T09:30:01Z,The Cokers Latest Yoruba Movie 2021 Drama Starring Bimpe Oyebade | Mercy Aigbe | Ronke Odusanya,"A gripping story about a famous and wealthy industrialist who make a simple yet complicated request to his family while hiding a secret that would create a storm amongst them. Find out more in this star studded movie starring Bimpe Oyebade, Mercy Aigbe, Ronke Odusanya, Adebayo Salami, Debbie Shokoya, Niyi Johnson, Jide Awobona, Ibrahim Yekini.


Please SUBSCRIBE to Yorubaplus Today by clicking on the Subscribe Button and don't forget to activate the Bell notification button to get notified of our latest yoruba movies release updates.

Follow us on IG.Twitter and FB: @Yorubaplus",Yorubaplus,"['latest yoruba movies 2021 new release', 'yoruba movies 2021 this week new release', 'new yoruba movies 2021 latest this week', 'yoruba movies', 'yoruba movies 2021 new release', 'the cokers yoruba movie 2021', 'the cokers new release yoruba movie 2021', 'the cokers', 'the cokers new yoruba movie 2021 latest release', 'the cokers latest yoruba movie 2021 latest this week', 'bimpe oyebade', 'ronke odusanya', 'mercy aigbe', 'yorubahood', 'libratv', 'yorubaplus', 'yorubaplay', 'apatatv', 'olumotv']",24,none,yo,yo
2021-11-07T18:58:10Z,IZZAR SO EPISODE 65 ORIGINAL,"Wannan Channel Bakori tv Zata Rika Kawo Muku Shirye Shirye Masu kayatarwa Da Nishadantarwa Da kuma ilmantarwa 

#bakori_tv #izzarso #sakonso #latesthausafilm #lawanahmad #alinuhu #awa24 #arewa24 #Netklix #basarakiyaTv #tsakar-gida #adamazango #mazaje #Aliartwork #Nishadi-zallah #ScleverTv #Nishadi24 #Ayatullahi-Tage #Sclever #RayuwarmasoyaTv",BAKORI TV,"['Broda Shaggi', 'BrodaShaggi', 'Fine boy Agbero', 'Nigerian Comedy', 'Nigerian Comedy 2020', 'OYA HIT ME', 'oyahitme shaggination']",24,none,en,en-GB
2021-11-03T23:00:13Z,ONCE UPON A BAD DAY | BRODASHAGGI | CHIOMA AKPOTHA | LILO ADEROGBA | DJ BIG N,"Please SUBSCRIBE to Broda Shaggi Official YouTube Channel, Nigeria's number 1 Fine boy Agbero
https://www.youtube.com/channel/UCG6orNVuXIICv9_ifH6msIA",official BRODA SHAGGI,"['SuperSport', 'SuperSport live', 'supersport tv guide', 'supersport com', 'supersport dstv', 'supersport highlights', 'Atalanta v Man Utd']",23,none,en,en-GB
2021-11-11T12:00:11Z,Banky W - Jo (Official Music Video),"Banky W - Jo available everywhere: https://onerpm.lnk.to/BankyW-Jo

Connect with Banky W: 
https://www.instagram.com/BankyWellington
https://twitter.com/BankyW 

Director - TheOladayo and Banky Wellington
Producer - Cobhams Asuquo 
Writers - Henry Enebeli and Banky Wellington 
Sound Mixer - Timothy King
Editor - TheOladayo 
Choreographer - Bunmi Olunloyo
Production Designer - Juyin Demuren 
Production Manager - Uche Odoh 
Stylist - Mag Payne 
Suit - David Wej 
Make up - T.Alamode 
Hair - Bernard Smiles

Powered by - EME and BAAD Media Productions 

Lyrics: 

Yes you are far from the regular
The life of the party, I wanna be exactly where you are 
E be you wey dey burst my medulla 
As you dey totori mi wit the vibe wey dey sweet me pass sugar 

As U dey kill me wit d gbas 
‚Ä¶kill me wit d gbos 
On the dance floor, murder she wrote
This your fire dance, dey make me catch cold 
Girl you get the talent, go ahead and let it show 

Cuz I love the way you jo‚Ä¶ jo‚Ä¶ jo
Fun mi like so‚Ä¶so‚Ä¶ so
Them no fit to measure to my baby
Patewo for my baby 
Yes I love the way you jo‚Ä¶ jo‚Ä¶ jo
Fun mi like so‚Ä¶ so‚Ä¶ so 
Them no fit to demo for my baby
Patewo for my baby 

My baby good, baby bad oh 
If you see the way she move e be mad oh 
Oya enter the groove issa jam oh 
I dey the mood, make we do the collabo 

Me tell her, me tell her ‚Äúwho‚Äôs your Zaddy?‚Äù
I‚Äôm feeling good cuz my boo‚Äôs a baddie 
I‚Äôm feeling nice cuz my wife‚Äôs a hottie
Any other kind, them be photocopy 
Oh my Lordi 
And me no send nobody, no
You look takeaway and I go carry go 
Aye mi temi ba mi wo 
I don hit the lotto, issa goal 

With the gbas, kill me with the gbos
On the dance floor, murder she wrote 
This your fire dance, dey make me catch cold 
Girl you get the talent, go ahead and let it show 

Cuz I love the way you jo‚Ä¶ jo‚Ä¶ jo
Fun mi like so‚Ä¶so‚Ä¶ so
Them no fit to measure to my baby
Patewo for my baby 
Yes I love the way you jo‚Ä¶ jo‚Ä¶ jo
Fun mi like so‚Ä¶ so‚Ä¶ so 
Them no fit to demo for my baby
Patewo for my baby 

She no dey hinder the ginger 
She got me tripping, I don‚Äôt even need a visa 
I need her now, need her later 
Ma lo faraway my baby eh
She no dey hinder the ginger 
She got me tripping, I don‚Äôt even need a visa
I need her now no be later 
Omo don‚Äôt go far

Cuz I love the way you jo‚Ä¶ jo‚Ä¶ jo
Fun mi like so‚Ä¶so‚Ä¶ so
Them no fit to measure to my baby
Patewo for my baby 
Yes I love the way you jo‚Ä¶ jo‚Ä¶ jo
Fun mi like so‚Ä¶ so‚Ä¶ so 
Them no fit to demo for my baby
Patewo for my baby 

My baby good, baby bad oh 
If you see the way she move e be mad oh 
Oya enter the groove issa jam oh 
I dey the mood, make we do the collabo",Banky Wellington,['african movies the latest Nigerian movies entertainment never stops'],24,none,en,en-GB
2021-11-03T00:42:22Z,UEFA Champions League | Group F | Atalanta BC v Manchester United | Highlights,"Highlights from the UEFA Champions League Group F match between Atalanta BC and Manchester United at A. Azzurri d'Italia in Bergamo, Italy",SuperSport,"['Yoruba 2021 Latest Movies', 'Newly Uploaded 2021 Yoruba Movies', 'Yoruba Movies 2021 New Release', 'Latest Yoruba 2021 Movie', 'Latest Yoruba Movie 2021', '2021 Yoruba Movies', 'Latest Yoruba Movie 2021 Releases', 'Latest Yoruba Movie 2021 Releases This Week', '2021 Latest Yoruba Movie', '2021 Latest Yoruba Blockbuster Movie', 'Alfa Saheed 3 Latest Yoruba Movie 2021 Drama', 'Alimi 3 Latest Yoruba Movie 2021 Drama', 'LOVE BONDAGE Latest Yoruba Movie 2021', 'OBA BI OLORUN 2 Latest Yoruba Movie 2021']",17,none,yo,en-GB
2021-11-11T19:00:12Z,A DUNIYA KASHI 44,,Zinariya Hausa TV,"['african movies', 'african videos', 'akpuruakpu mbe', 'aunty success', 'comedy', 'cream', 'denilson igwe comedy', 'dhar mann', 'emanuela african comedy', 'emmanuella', 'emmanuella comedy', 'emmanuella comedy 2021', 'ice cream', 'kbrown comedy', 'mark angel', 'mark angel comedy', 'mark angel comedy 2020', 'mark angel comedy 2021', 'mark angel comedy ice cream', 'mark angle', 'markangelcomedy', 'nollywood movies', 'samspeedy and mama', 'short comedy', 'success comedy', 'the accident', 'xploit comedy', 'yoruba movies']",22,none,en,yo
2021-11-11T17:23:29Z,DIS AND DAT SEASON 7 - (MERCY JOHNSON & PEACE ONUOHA) LATEST NIGERIAN NOLLYWOOD MOVIES,"#DisandDat #newmovie2021 #Mercyjohnsonmovies 
In quest to find a true Love Mercy disguised as Chika to find her curiosity. 
Starring Mercy Johnson, Chika Anyanwu, Onyenze Amobi, Peace Onuoha, Johnson Ognu, Didi Ezenwa, Pianka Patrick, Bella John, Esther Oyekwe, Chioma Daniels, Uchenna Bigi movies,nollywood movies,nollywood films,free nigerian movies,2021 nigerian movies,top nollywood movies,nollywoodpicturestv,nigerian movies 2021 latest full movies,new nigerian movies 2020 latest full movies,2021 nigerian movies,2020 nigerian movies with zubby michael,free nigerian movies 2021, painful ritual nigerian movie,nollywood youtube channel,nigerian,zubby michael movie,nollywood videos, latest 2021 nollywood movies, crystaltouch tv

ONYENZETV THE BEST",ONYENZE TV,"['The Bridge yoruba movie', 'Bridge yoruba movie', 'Bridge mimisola daniel', 'Bridge latest yoruba movie', 'Yoruba movie new release 2021', 'latest yoruba movie 2021 this week', 'yoruba movie 2021 new release today', 'libratv latest yoruba movie', 'Odunlade Adekola', 'Bimbo Oshin', 'Mimisola Daniel', 'Niyi Johnson', 'Bose Akinola', 'Damilola Oni', 'Yetunde Alabi Ashabi', 'Yoruba movie on libratv', 'bridge odunlade adekola', 'libratv', 'yoruba movie', 'libra tv', 'yoruba', 'movies']",10,none,en-GB,en
2021-11-05T15:00:27Z,Ejika The Tailor - Latest Yoruba Movie 2021 Comedy Starring Mr Macaroni | Wale Akorede | Yemi Elesho,"A well known fashion designer suddenly watches his tailoring business go down the drain in his very eyes. In order to remain in business to survive, he closes his shop and sends his apprentice to the street as obioma or london tailor or ejika ni shop. An insane comedy featuring your very best comedians. 

FOLLOW on IG. TW and FB: @OFFICIALYORUBAHOODTV",Yorubahood,"['Tegwolo comedy', 'House of ajebo', 'Ajebo comedy', 'Sam speedy', 'Anambra election', 'Broda Shagi', 'Mr Macaroni', 'Championofwarri']",24,none,en-GB,yo
2021-11-08T09:43:27Z,Oluwadolarz In Hot Soup (Oluwadolarz Room Of Comedy),"Kindly subscribe to this channel and hit the notification bell
Watch this new funny  video from Oluwadolarz Room of Comedy

Have you watched On The Go Episode 2, kindly go watch now
https://youtu.be/6Wskw_QvAbo


#oluwadolarz #oluwadolarzroomofcomedy #nigeriancomedy",Oluwadolarz Room Of Comedy,"['Bovi Ugboma', 'Bovi', 'Ugboma', 'comedy', 'comedian', 'Nigeria', 'Nigerian comedy', 'comedy skit', 'comedy central', 'comedy video', 'comedy show', 'comedy naija', 'comedy skits 2017 nigeria', 'comedy nigerian', 'skits and sketches', 'funny videos nigeria', 'rib cracking comedy', 'rib cracking']",23,none,en-GB,en
2021-11-06T14:28:38Z,BRIDGE Latest Yoruba Movie 2021 Odunlade Adekola| Mimisola Daniel|Bimbo Oshin|Niyi Johnson|Bose Akin,"Because they are genuinely and deeply in love they decided to cross all the Bridges. Is reasoning not part of love?
From the producer of Surface and Veil we present another blockbuster BRIDGE
Starring Odunlade Adekola, Bimbo Oshin, Mimisola Daniel, Niyi Johnson, Bose Akinola, Damilola Oni, Yetunde Alabi Ashabi and more",LibraTv,"['YAWA', 'YAWA SKITS', 'Kassim Braimah', 'Kalistus', 'Comedian', 'comedy', 'fun', 'funny', 'comedian', 'skit', 'jokes', 'standup', 'Nigeria', 'Menta Music', 'mentamusic', 'Africa', 'African']",1,none,en,en
2021-11-08T12:02:45Z,snoring Uncle,"Tegwolo's Uncle visits them to spend a few weeks with them, Mama Tegwolo is happy to see her elder brother, Tegwolo is also happy to meet his uncle until he goes to sleep and throws the whole house into chaos with his Lound snore.

Don't forget to subscribe andnturn on notification for more funny videos.",HouseOfAjebo,"['Reekado Banks', 'Ozumba Mbadiwe', 'Official Video', 'Ozumba Mbadiwe Official Video', 'End Sars', 'October 20', 'Afrobeats Music', 'African Music', 'Banks Music', 'World Music']",23,none,en,en
2021-11-06T11:00:12Z,(BACK TO SCHOOL)(GRADUATION SEASON)(EPISODE 3),"Welcome to the hilarious world of Bovi- actor, comedian writer. Bovi Official YouTube channel is where you can enjoy the array of rib cracking sitcoms, hilarious skits, funny videos and memorable stand-up performances.

Please don't forget to SUBSCRIBE:
https://www.youtube.com/user/boviTV?sub_confirmation=1

--
#Bovi #Ugboma #BoviUgboma #comedy #comedian #Nigeriancomedy #comedynaija #ribcracking #BoviUgbomaShow #MentaMusic #NigerianComedy2018",Bovi Ugboma,"['Bernardo goals', 'Highlights', 'Man City', 'Man Utd Goals']",23,none,,en
2021-11-10T05:58:38Z,GBAS GBOS IN THE SANCTUARY üò≠ü§¶üèæ‚Äç‚ôÇÔ∏è,"#TwyseAndFamily

Twyse and Family THE MOVIE - https://www.reelhouse.org/twyseereme/twyse-and-family-the-movie

Clothing Line - https://www.twysecollections.com

SOCIAL MEDIA:
Instagram: https://www.instagram.com/twyse_116/
Twitter: https://www.twitter.com/twyse_116
Facebook: https://www.facebook.com/TheRealTwyse116

Thank you all for watching ‚ù§Ô∏è",Twyse Ereme,"['Mc Lively', 'McLively', 'mc lively comedy', 'Nigerian Comedy', 'Liveliest Man Alive', 'comedy', 'skits', 'funny', 'Nigeria', 'funny skits', 'mclively', 'broda shaggi', 'CORONAVIRUS', 'COVID-19', 'COMEDY2020', 'NIGERIAN COMEDY2020', 'STAYHOME', 'COVID', 'HILARIOUS', 'funnyskits', 'entertainment', 'barristermike', 'barrister mike', 'THE NAKED CHALLENGE', 'oluwadolarz', 'mr macaroni', 'zfancy', 'challenge', 'forex', 'liveliest man alive', 'nigerian comedy', 'lasisi elenu latest', 'officer woos', 'mark angel comedy', 'download', 'maraji', 'taaooma', 'ay', 'aycomedian', 'waptv']",24,none,,en
2021-11-05T15:26:02Z,"PARTY CRASHERS (YawaSkits, Episode 112)","#yawaskits #kalistus #comedy

We will crash your party even when uninvited.

Subscribe to YAWA SKITS Channel: http://goo.gl/WCKAvd
Enjoy!
WATCH BEHIND THE SCENES OF YAWASKITS HERE https://www.youtube.com/channel/UCGHt9n_lS15uxRuinnl_ddA

Order YawaSkits T-Shirts:
https://yawa-skits.creator-spring.com/?
Support us via: https://www.patreon.com/yawaskits

www.yawaskits.tv
Connect with us on Instagram
https://www.twitter.com/yawaskit
https://www.instagram.com/yawaskits/
https://www.instagram.com/sifonokoi
https://www.instagram.com/kassimbraimah/",YAWA SKITS,"['DFB', 'German Football', 'Football', 'Soccer', 'Germany', 'deutschland liechtenstein', 'germany liechtenstein', 'thomas m√ºller', 'sane', 'world cup qualifier', 'highligths', 'germany highlights', 'dfb']",23,none,,en-GB
2021-11-12T15:00:28Z,Reekado Banks - Ozumba Mbadiwe (Official Video),"Watch the Official Video for Ozumba Mbadiwe by Reekado Banks off the EP, OTR, Vol. 2.

Stream on all music platforms:
https://mad.ffm.to/otr-vol2

Follow Reekado Banks on Socials:
Instagram - https://www.instagram.com/reekadobanks/
Twitter - https://www.twitter.com/ReekadoBanks
Facebook - https://www.facebook.com/reekadobanksofficial

Lyrics:
I‚Äôll be on ozumba mbadiwe


I no dey move dat way 
Don‚Äôt make me move dat way 
Me, I no wan sleep for highway 
‚ÄòFore you cross ,gaz look your sideways 
Me, I no come Lagos for child‚Äôs play 
So I hear say dem Dey find me 
For the long time I been silent
I dey run am I be sterling 
But Dey think say I‚Äôm in hiding 
Cos Dey don‚Äôt know how to find me 

Reekado Banks - Ozumba Nbadiwe Lyrics. 

I‚Äôll be on ozumba MBADIWE 

Coming to you 

And if you think say you be giant you be giant for your pocket 
If you only fight for your pocket
For your pocket 
October 20 2020 
Something happen with the government 
They think say we go forget 
For where 
For ozumba mbadiwe 

Man I tell ya 

I no dey move dat way 
Don‚Äôt make me move dat way 
Me I no wan sleep for highway 
Fore you cross gaz look your sideways 
Me I no come Lagos for child‚Äôs play 
In the meantime ,Abike mi 
How you want am make you tell me 
If you need speed I be sterling
I‚Äôll go right behind the steering 
I go run am kini ise mi  

I‚Äôll be on Ozumba Mbadiwe

#ReekadoBanks #OzumbaMbadiwe #OTRVol2",Reekado Banks,"['Channels Television', 'Channels TV', 'Africa News', 'Anambra election', 'unknown gunmen', 'ipob', 'willie obiano', 'Biafra boys', 'esn', 'show of force', 'nigerian army', 'gun battle', 'shoot out', 'gun fight']",10,none,,en
2021-11-06T22:02:32Z,Manchester City Derby Highlights! | United 0-2 City | Bailly OG & Bernardo Silva goal!,City turn on the style to win the 186th Manchester Derby with ease.,Man City,"['Ckay Love Nwantiti Official Video', 'Ckay ft. Joeboy & Kuami Eugene', 'African Songs 2020', 'ckay love nwantinti instrumental', 'Valentines Day Songs', 'producer', 'way by ckay', 'afrobeats 2020', 'CKay Contaier', 'chocolate city', 'Ckay Way', 'african music', 'nigeria', 'ckay the first', 'African artiste', 'Naya Effects', 'afronation ghana', 'ckay yo', 'Love Nwantiti', 'container don land', 'choc city', 'Warner Music', 'Ckay_Yo', 'CKay the First']",17,none,,en
2021-11-08T17:00:12Z,LIVELY THE EXPLORER | MC LIVELY (ft. OLAIYA IGWE),"PLEASE SUBSCRIBE!

This is the official YouTube channel of Mc Lively, welcome to the channel of the Liveliest Man Alive. You're not living if you're not laughing.

--
#McLively #NigerianComedy #NigerianComedy2021 #LiveliestManAlive #comedy #funnyskits",MC LIVELY,"['samspedy', 'samspedy comedy', 'mama ojo and ojo', 'ojo comedy', 'african parents', 'african home', 'nigerian movies', 'nigerian parents', 'funny nigerian movies', 'ojo and mom', 'unwanted visitor']",23,none,,en
2021-11-11T23:00:20Z,Record Win for Flick | Germany - Liechtenstein 9-0 | Highlights | World Cup Qualifier,"Watch the highlights of the World Cup Qualifier match between Germany and Liechtenstein now on German Football.

Goals: 1-0 G√ºndogan (P) (11‚Äô), 2-0 Kaufmann (OG) (20‚Äô), 3-0 San√© (22‚Äô), 4-0 Reus (23‚Äô), 5-0 San√© (49‚Äô), 6-0 T. M√ºller (76‚Äô), 7-0 Baku (80‚Äô), 8-0 T. M√ºller (86‚Äô), 9-0 G√∂ppel (OG) (89‚Äô)

Subscribe now for more German Football action & hit the bell: https://zly.de/dfb/yt_sub",German Football,"['FACETV AFRICA', 'K1 DE ULTIMATE FEEL EMOTIONAL WITH SAHEED OSUPA OLD MUSIC', 'MUSICFACENIGERIA', 'FUJI MUSIC', 'WASIU ALABI PASUMA', 'SAHEED OSUPA', 'K1', 'OBESERE', 'TAIYE CURRENCY', 'TOPE ALABI', 'NIGERIA HIP HOP', 'WIZKID', 'LATEST', 'VIDEO', 'DAVIDO', 'OLAMIDE', 'TIWA SAVAGE', 'TECKNO', 'PATORANKING', 'ADEKUNLE GOLD', 'YORUBA MOVIES', 'ODUNLADE ADEKOLA', 'LIZZY ANJORIN', 'NIGERIA POLITICS', 'SARAKI', 'BUHARI', 'FATHIA BALOGUN', 'ACTOR', 'PERFORMANCE', 'LIVE SHOW']",17,none,,en
2021-11-07T20:00:26Z,SUNDAY SERVICE: NEGLIGENCE SUNDAY,,AyoAjewole Woliagba-YPM,"['Bovi Ugboma', 'Bovi', 'Ugboma', 'comedy', 'comedian', 'Nigeria', 'Nigerian comedy', 'comedy skit', 'comedy central', 'comedy video', 'comedy show', 'comedy naija', 'comedy skits 2017 nigeria', 'comedy nigerian', 'skits and sketches', 'funny videos nigeria', 'rib cracking comedy', 'rib cracking']",23,none,,en
2021-10-31T02:02:19Z,"Five Killed As CP, Operatives Battle Gunmen At Anambra Market","Five gunmen were killed while they attempted to attack a convoy of a joint team of security forces at Nnobi in Idemili South Local Government Area of the state.
Don't forget to subscribe:  https://bit.ly/2Hb8hjx

Watch more interesting videos: https://bit.ly/34ogCaw

Follow Channels Television On: 
Facebook: https://www.facebook.com/channelsforum/ 
Twitter: https://twitter.com/channelstv
Instagram: https://www.instagram.com/channelstelevision/?hl=en

Get more news on our website: https://www.channelstv.com/

#ChannelsTv",Channels Television,"['FC Barcelona', 'ÿ®ÿ±ÿ¥ŸÑŸàŸÜÿ©ÿå', 'F√∫tbol', 'FUTBOL', 'soccer', 'FUTEBOL', 'Sepakbola', '„Çµ„ÉÉ„Ç´„Éº', 'ŸÉÿ±ÿ© ÿßŸÑŸÇÿØŸÖ', 'football', 'FCB', 'Bar√ßa', 'Sport', 'Club', 'Barcelona', 'CAMP NOU', 'ter stegen', 'pique', 'busquets', 'goat', 'dembele', 'lenglet', 'yt:cc=on', 'ansu fati', 'riqui puig', 'koeman', 'coutinho', 'pedri', 'de Jong', 'Memphis', 'depay', 'Kun Ag√ºero', 'Aguero']",25,none,,en-GB
2021-11-05T11:00:12Z,CKay - Love Nwantiti (ft. ElGrandeToto) [North African Remix] [Official Music Video],"Subscribe: http://bit.ly/SubscribetoCkay 
Listen to 'Boyfriend' E.P: https://warnermusicsa.lnk.to/Boyfriend

Follow CKay On:
Facebook: https://www.facebook.com/ckayyo/ 
Twitter: https://twitter.com/ckay_yo
Instagram: https://instagram.com/ckay_yo/

Lyrics
Verse 1:
my baby my valentine
girl na you dey make my temperature dey rise
if you leave me i go die
i swear you are like the oxygen i need to survive
i‚Äôll be honest
your lovin dey totori me
i am so obsessed
i want to chop your nkwobi
ule your body dey gbakam isi
ule open am make i see ule
nyem love nwantinti
wey fit make a bad man sing o

Chorus:
Ah ah ah ah ah ah
Ah ah ah ah ah ah ahh
(x4)

Verse 2:
Ouais toute ma vie w‚Äôkandour b‚Äôlil, Jack fl‚Äôydd, j‚Äôessaye d‚Äôte pister beÃÅbeÃÅ (yea-ea-eah)
Sombre est ma ville, 9bel 12 d‚Äôlil, kanchreb, kanshoufek fl‚Äôkissan beÃÅbeÃÅ (yea-ea-eah)
TreÃÄs jolies cuisses, laÃÄ j‚ÄôdeÃÅcale la ficelle, zine bombe atomique : m3aki baghi nchouf mon fils yea-yeah
7ta walidik bghaw y3erfo fin saken, f‚Äô7yati chnou kandir : Kanserref La Sal3a d‚ÄôIssaguen
Gelbi chafek ghewwet ¬´ Aah-ah-ah-ah-ah-ah ¬ª
To‚Äô vaillant Bhal Kirikou, 3la weddek mankhsser ta Combaa-a-a-a-a-at
Lovini my baby boo, lovini ghandirou fawda

Chorus:
Ah ah ah ah ah ah
Ah ah ah ah ah ah ahh
(x4)

Outro:
You mean the world to me
you‚Äôre my living fantasy
ayayaa i love you
ayayaa no one above you",CKay,"['Channels Television', 'Channels TV', 'Africa News', 'Top African News', 'Breaking news', 'Nigerian Top Stories', 'Nnamdi Kanu', 'IPOB', 'FG', 'Nigerian Govt', 'High Court']",10,none,,en-GB
2021-11-12T17:21:08Z,NA LADIDI | SEASON 3| EPISODE 34  |A Film By Arewa Medium Production |,,Arewa Medium,['african movies the latest Nigerian movies entertainment never stops'],24,none,,en-GB
2021-11-12T18:07:42Z,AFRICAN HOME: UNWANTED VISITOR,"In This Episode, Papa Ojo‚Äôs Nightmare Came To Past As His Side Chick Came Visiting, Claiming She‚Äôs Pregnant For Him. How Will Mama Ojo Process This Situation? Find Out! 


SECOND CHANNEL - https://www.youtube.com/channel/UCEuMxZxgHqrVXzwd5julx8Q
Follow me on Instagram: https://www.instagram.com/samspedy/

https://linktr.ee/SamSpedy

Song Store Links
iTunes: http://itunes.apple.com/album/id15303...
Apple Music: http://itunes.apple.com/album/id/1530...
Spotify: https://open.spotify.com/album/0nJNPy...


Thanks For Watching!
Thumbs Up, Share And Subscribe!

#samspedy #africanhome #unwantedvisitor",SamSpedy,"['manchester united', 'mufc', 'man utd', 'manutd', 'mu', 'ggmu', 'old trafford', 'goals', 'highlights', 'spurs', 'tottenham hotspur', 'premier league', 'edinson cavani', 'cristiano ronaldo', 'bruno fernandes', 'fred', 'marcus rashford', 'ole gunnar solskjaer']",23,none,,en
2021-11-08T22:07:39Z,K1 DE ULTIMATE GOES EMOTIONAL OVER SAHEED OSUPA OLD MUSIC,"K1 DE ULTIMATE GOES EMOTIONAL OVER SAHEED OSUPA OLD MUSICFace tv Africa Face tv Africa Facetv Africa Face tv AFrica Facetv Africa Facetv Africa and Music face: Real Indigenous Nigerian Music. We profile top performance, top rated Nigerian musicians, legends, events, video musicals and we dish them out to you from a Nigerian point of view. Oya Sharpaly Subscribe.https://www.youtube.com/user/musicfacenigeria

#FACETVAFRICA   #MUSICFACENIGERIA #K1DEULTIMATE #SAHEEDOSUPA",Facetv Africa,"['Larry Gaaga', 'Egedege', 'Theresa Onuorah', 'Flavour', 'Phyno', 'Larry Gaaga Egedege', 'Egedege music video', 'Egedege audio', 'Egedege mp3 download']",24,none,,en-GB
2021-10-31T15:56:17Z,(Back to School)(Graduation Season)(EPISODE 1),"Welcome to the hilarious world of Bovi- actor, comedian writer. Bovi Official YouTube channel is where you can enjoy the array of rib cracking sitcoms, hilarious skits, funny videos and memorable stand-up performances.

Please don't forget to SUBSCRIBE:
https://www.youtube.com/user/boviTV?sub_confirmation=1

--
#Bovi #Ugboma #BoviUgboma #comedy #comedian #Nigeriancomedy #comedynaija #ribcracking #BoviUgbomaShow #MentaMusic #NigerianComedy2018",Bovi Ugboma,['african movies the latest Nigerian movies entertainment never stops'],23,none,,en-GB
2021-11-09T16:16:57Z,‚öΩ XAVI'S FIRST TRAINING SESSION AS BAR√áA MANAGER,"The day after signing his contract and appearing at his official presentation, Xavi Hern√°ndez has got straight down to work with his new squad, albeit withjout the players that are away on international duty. He also called on Comas, Mika M√°rmol, √Ålvaro Sanz, Ez Abde, Jutgl√†, Aranda and Ilias Akhomach from Bar√ßa B. 

Bar√ßa president Joan Laporta also made a point of stopping by the Ciutat Esportiva to greet Xavi and the rest of the coaching staff and players, joined by vice-president for sport Rafa Yuste, director of football Mateu Alemany, director of the international area Jordi Cruyff and chief technical secretary Ramon Planes.

SUBSCRIBE NOW:
‚ñ∂ https://www.youtube.com/user/fcbarcelona 

‚öΩ BAR√áATV+: http://barca.link/wT1w30qMyQO‚Äã
üíé Official Culers Membership: http://barca.link/plXS30rAhfC‚Äã
üåê Site: http://www.fcbarcelona.com
üì± App: https://go.onelink.me/xndC/DownloadAppYouTube

üîµ Facebook: http://www.facebook.com/fcbarcelona
üì∏ Instagram: http://www.instagram.com/fcbarcelona
üê¶ Twitter: http://twitter.com/FCBarcelona
üé∂ Tiktok: https://www.tiktok.com/@fcbarcelona 
üì± Viber: http://chats.viber.com/fcbarcelona

üõç Get all official Bar√ßa apparel from FC Barcelona's online store: http://barca.link/j8QH30qQh4Y 
üîµüî¥ #FCBarcelona",FC Barcelona,"['Arise', 'News']",17,none,,en
2021-11-10T12:53:04Z,"Kanu‚Äôs Lawyers Lament Being ‚ÄòLocked Out‚Äô Of Court, Threaten To Take Case To Int'l Court","Don't forget to subscribe:  https://bit.ly/2Hb8hjx

Watch more interesting videos: https://bit.ly/34ogCaw

Follow Channels Television On: 
Facebook: https://www.facebook.com/channelsforum/ 
Twitter: https://twitter.com/channelstv
Instagram: https://www.instagram.com/channelstelevision/?hl=en

Get more news on our website: https://www.channelstv.com/

#ChannelsTv",Channels Television,"['Bovi Ugboma', 'Bovi', 'Ugboma', 'comedy', 'comedian', 'Nigeria', 'Nigerian comedy', 'comedy skit', 'comedy central', 'comedy video', 'comedy show', 'comedy naija', 'comedy skits 2017 nigeria', 'comedy nigerian', 'skits and sketches', 'funny videos nigeria', 'rib cracking comedy', 'rib cracking']",25,none,,en
2021-11-11T16:39:43Z,DIS AND DAT SEASON 6 - CORRECTED COPY (MERCY JOHNSON & PEACE ONUOHA) LATEST NIGERIAN NOLLYWOOD,"#DisandDat #newmovie2021 #Mercyjohnsonmovies 
In quest to find a true Love Mercy disguised as Chika to find her curiosity. 
Starring Mercy Johnson, Chika Anyanwu, Onyenze Amobi, Peace Onuoha, Johnson Ognu, Didi Ezenwa, Pianka Patrick, Bella John, Esther Oyekwe, Chioma Daniels, Uchenna Bigi
nigerian movies,nollywood movies,nollywood films,free nigerian movies,2021 nigerian movies,top nollywood movies,nollywoodpicturestv,nigerian movies 2021 latest full movies,new nigerian movies 2020 latest full movies,2021 nigerian movies,2020 nigerian movies with zubby michael,free nigerian movies 2021, painful ritual nigerian movie,nollywood youtube channel,nigerian,zubby michael movie,nollywood videos, latest 2021 nollywood movies, crystaltouch tv

ONYENZETV THE BEST",ONYENZE TV,"['latest yoruba movie 2021 new release this week', 'yoruba movies 2021 this week new release', 'new uploaded yoruba movies 2021 latest this week', 'yoruba movies', 'yoruba movies 2021 new release today', 'latest nigerian movies 2021', 'nollywood movies 2021', 'yoruba movies 2021 new release', 'apatatv yoruba movies 2021', 'golo 2 latest yoruba movie 2021', 'golo 2 yoruba movie 2021', 'golo part 2', 'golo 2 yoruba movie new release today', 'odunlade adekola', 'wunmi ajiboye', 'segun ogungbe']",10,none,,yo
2021-10-30T21:00:33Z,"Ronaldo, Cavani & Rashford seal vital win | Highlights | Tottenham Hotspur 0-3 Manchester United","See all the highlights from Tottenham Hotspur Stadium, as goals from Cristiano Ronaldo, Edinson Cavani and Marcus Rashford gave Ole Gunnar Solskjaer's side a vital three points at Spurs in the Premier League.

Subscribe to Manchester United on YouTube at http://bit.ly/ManU_YT
Visit Manchester United at http://www.manutd.com
Like Manchester United on Facebook at http://www.facebook.com/manchesterunited
Follow Manchester United on Twitter at http://www.twitter.com/ManUtd
Follow Manchester on Instagram at http://www.instagram.com/manchesterunited
Subscribe to MUTV at https://bit.ly/2L9ymRs",Manchester United,"['Broda Shaggi', 'BrodaShaggi', 'Fine boy Agbero', 'Nigerian Comedy', 'Nigerian Comedy 2020', 'OYA HIT ME', 'oyahitme shaggination']",17,none,,en-GB
2021-11-03T19:05:30Z,A DUNIYA KASHI NA 43,,Zinariya Hausa TV,"['GoTv Africa Magic', 'Africa Magic TV', 'Africa Magic Showcase', 'DSTV Nigeria', 'Africa Magic', 'Africa Magic Urban', 'Africa Magic Family', 'Africa Magic Igbo', 'Africa Magic Hausa', 'Africa Magic Yoruba', 'Africa Magic Epic', 'The Mercy Show', 'Mercy BBNaija', 'Mercy from BBNaija', 'Mercy BBNaija winner', 'Who won BBNaija? Mercy and Ike', 'Are mercy and Ike still together? Mercy boyfriend', 'Is BBNaija Mercy married?']",22,none,,en
2021-10-22T14:00:11Z,"Larry Gaaga - Egedege (Music Video) [feat. Pete Edochie, Theresa Onuorah, Flavour & Phyno]","Music video by Larry Gaaga performing 'Egedege' ‚Äî featuring Queen Theresa, Flavour & Phyno. 

Stream 'Egedege' on all digital stores: https://ziikimedia.lnk.to/egedege

** Guest appearances from Pete Edochie, Chiwetalu Agu and Masterkraft
** Video directed by Unlimited L.A
** Produced by Masterkraft

(c) 2021 Exclusively licensed under Gaaga Muzik through Ziiki Media

Listen to Larry Gaaga on:
Audiomack: https://audiomack.com/larry-gaaga
Spotify: https://open.spotify.com/artist/62s0EsXQNJEwy8fKZ386VU?si=oY9hmMgBQmevQfAhgI0QuQ
Apple Music: https://music.apple.com/us/artist/larry-gaaga/1329784336
Boomplay: https://www.boomplay.com/artists/961646
Deezer: https://www.deezer.com/us/artist/14010775

Subscribe to Larry Gaaga's channel: https://www.youtube.com/channel/UCrJOf2HeKFVbV2isobqCXTg

Connect with Larry Gaaga on social: 
Instagram: https://www.instagram.com/larrygaaga
Twitter: https://twitter.com/larrygaagazeen
Facebook: https://facebook.com/LarryGaagazeen


For more information/bookings, contact: larrygaaga@yahoo.com


#LarryGaaga #Egedege #GaagaMuzik #Flavour #Phyno



(C) 2021. Gaaga Muzik ‚Äî All Rights Reserved",Larry Gaaga,"['FunnyBone Comedy', 'FunnyBone', 'Comedy', 'Nigerian Comedy', 'comedy skit', 'comedy movies', 'comedy central', 'comedy video', 'comedy show', 'comedy naija', 'comedy skits 2017 nigeria', 'comedy nigerian', 'comedy nigerian 2017', 'skits and sketches', 'funny videos nigeria', 'funny videos naija', 'funny videos compilation']",10,none,,yo
2021-11-11T05:03:44Z,DIS AND DAT SEASON 5 - (MERCY JOHNSON & PEACE ONUOHA) LATEST NIGERIAN NOLLYWOOD MOVIES,"#DisandDat #newmovie2021 #Mercyjohnsonmovies 
In quest to find a true Love Mercy disguised as Chika to find her curiosity. 
Starring Mercy Johnson, Chika Anyanwu, Onyenze Amobi, Peace Onuoha, Johnson Ognu, Didi Ezenwa, Pianka Patrick, Bella John, Esther Oyekwe, Chioma Daniels, Uchenna Bigi
nigerian movies,nollywood movies,nollywood films,free nigerian movies,2021 nigerian movies,top nollywood movies,nollywoodpicturestv,nigerian movies 2021 latest full movies,new nigerian movies 2020 latest full movies,2021 nigerian movies,2020 nigerian movies with zubby michael,free nigerian movies 2021, painful ritual nigerian movie,nollywood youtube channel,nigerian,zubby michael movie,nollywood videos, latest 2021 nollywood movies, crystaltouch tv

ONYENZETV THE BEST",ONYENZE TV,"['ms', 'banks', 'msbanks', 'msbanks94', 'female', 'rapper', 'london', 'uk']",10,none,,yo
2021-10-31T20:00:11Z,SUNDAY SERVICE: EKE (GOSSIP) IS MY HOBBY,,AyoAjewole Woliagba-YPM,"['omah lay music', 'omah lay videos', 'omah lay free my mind', 'omah lay lyrics', 'omah lay understand']",23,none,,en
2021-10-30T23:00:09Z,THE DEVIL‚ÄôS LOAN | MR MACARONI | BRODA SHAGGI | KOREX,,MR MACARONI,"['Oba bi olorun 2', 'Oba bi olorun part 2', 'oba bi olorun concluing part 2', 'oba bi olorun', 'Oba bi olorun yoruba movie 2021', 'latest Yoruba movie 2021', 'latest yoruba 2021 new release this week', 'yoruba movie new release 2021', 'Baba Wande', 'Kola Oyewo', 'Peter Fatomilola', 'Muyiwa Ademola', 'Fathia Balogun', 'Ibrahim Yekini Itele', 'Toyin Alausa', 'Shoneye Olamilekan', 'Madam Saje', 'Bukola Awoyemi', 'Oyebade Bimpe', 'Jumoke George', 'Fausat Balogun', 'Yinka Quadri', 'Yemi Elesho', 'Fatai Odua Lalude', 'libratv']",24,none,,en
2021-11-01T16:08:25Z,ANAMBRA GOVERNORSHIP DEBATE 2021 - ARISE NEWS EXCLUSIVE,"#anambradebate #arisedebate #anambraelection #valentineozigbo #andyuba #charlessoludo #anambra #themorningshow #arisenews #nigeriannews #nigeria #arisetv #nigerianpolitics #politics

Subscribe to our Channel for high profile interviews. Follow us on Twitter at https://twitter.com/ARISEtv | 
and Instagram: https://www.instagram.com/arisenewsofficial | 
and Facebook: https://www.facebook.com/AriseTVNews |
 Check out our website www.arise.tv",Arise News,"['latest yoruba movies 2021 new release', 'new yoruba movies 2021 latest this week', 'yoruba movies', 'yoruba movies 2021 new release', 'ploy yoruba movie', 'ploy 2 yoruba movie 2021', 'ploy 2 latest yoruba movie 2021', 'ploy 2 new release yoruba movie 2021', 'ploy 2 yoruba movie 2021 latest release this week', 'ploy 2 yoruba movie 2021 new release this week', 'wunmi toriola', 'bimpe oyebade', 'remi surutu', 'jaiye kuti', 'yorubahood', 'libratv', 'apatatv', 'yorubaplus', 'yorubaplay']",25,none,,
2021-10-31T17:00:11Z,(Back to School)(Graduation Season)(EPISODE 2),"Welcome to the hilarious world of Bovi- actor, comedian writer. Bovi Official YouTube channel is where you can enjoy the array of rib cracking sitcoms, hilarious skits, funny videos and memorable stand-up performances.

Please don't forget to SUBSCRIBE:
https://www.youtube.com/user/boviTV?sub_confirmation=1

--
#Bovi #Ugboma #BoviUgboma #comedy #comedian #Nigeriancomedy #comedynaija #ribcracking #BoviUgbomaShow #MentaMusic #NigerianComedy2018",Bovi Ugboma,"['samspedy', 'samspedy comedy', 'mama ojo and ojo', 'ojo comedy', 'african parents', 'african home', 'nigerian movies', 'nigerian parents', 'funny nigerian movies', 'ojo and mom', 'reconciliation']",23,none,,
2021-10-25T10:00:06Z,Golo 2 Latest Yoruba Movie 2021 Drama Starring Odunlade Adekola | Wunmi Ajiboye | Segun Ogungbe,"Fortified by terrestrial powers and feared by many, a dangerous and dreadful couple ensnare the people with their  nefarious activities. All efforts to put them behind bars reveals more sinister incidents. Find out more in this captivating and intriguing movie featuring Odunlade Adekola, Wunmi Ajiboye, Segun Ogungbe, Olaiya Igwe Owolabi Ajasa, Peter Ijagbemi.

Please SUBSCRIBE to APATATV+ by clicking on the Subscribe Button and don't forget to click the Bell notification button to get notified of new yoruba movies release updates.
Follow us on Instagram, Twitter and Facebook : @apatatv",APATATV+,"['nigerian movies', 'nollywood movies', 'nollywood films', 'nigerian films', 'free nigerian movies', 'new nigerian movies', 'exciting nollywood movies', 'top nollywood movies', 'nollywood latest', 'nollywoodpicturestv', 'new nigerian film', 'nigerian movies 2021 latest full movies', '2021 nigerian movies', '2021 nollywood movies', 'destiny etiko movies 2021 latest movies', 'best nollywood movies', 'onny michael latest movies', 'ebele okaro movies 2021', 'stephen odimgbe movies 2021', 'luchy donalds new movies 2021']",24,none,,
2021-11-03T09:51:24Z,THE CONFERENCE | MR MACARONI | ISBAE U | MUMMY WA | CEE C,,MR MACARONI,,24,none,,
2021-10-23T23:00:11Z,DNA TEST  | BRODASHAGGI | REAL WARRI PIKIN | OFFICER WOOS,"Please SUBSCRIBE to Broda Shaggi Official YouTube Channel, Nigeria's number 1 Fine boy Agbero
https://www.youtube.com/channel/UCG6orNVuXIICv9_ifH6msIA",official BRODA SHAGGI,,23,none,,
2021-11-07T17:30:02Z,Mercy meets Ike at a shoot ‚Äì Mercy What Next | S1 | Ep 5 | Africa Magic,"After having had to wait an uncomfortable while because the event organisers weren't ready to start shooting, Mercy bumps into Ike and the two put their best feet forward for the common goal.


---
Visit our website: https://bit.ly/3lXtAFc
Watch more series and movies on Showmax, start your 14 day free trial here: https://bit.ly/2J4y52m
Catch up on all your shows here: https://bit.ly/2J47fXO

Follow Africa Magic Here:
Facebook: https://www.facebook.com/africamagic
Twitter: https://twitter.com/africamagictv
Instagram: https://www.instagram.com/africamagic",Africa Magic,,24,none,,
2021-11-05T12:00:13Z,Akpororo attacks zubby micheal ...wahalaaaa,"Please Subscribe to FunnyBone Comedy Official YouTube channel :
http://www.youtube.com/channel/UCcWEtPYL9-7cxpgzqLj3SBQ?sub_confirmation=1

--
#FunnyBone #Comedy #FunnyBoneComedy #NigerianComedy #comedyskit #comedynaija #funnyvideosnigeria #MarkAngelComedy",FunnyBone Comedy TV,,24,none,,
2021-11-12T15:00:11Z,Ms Banks ‚Äì Party ft. Naira Marley (Official Video),"Ms Banks ‚Äì Party ft. feat Naira Marley (Official Video)

Stream & Buy ‚ÄòParty' feat Naira Marley here: https://platoon.lnk.to/PARTY

Sign up to my mailing list here: https://msbanks.co.uk/

Follow Ms Banks:
Instagram https://www.instagram.com/msbanks
Twitter https://twitter.com/MsBanks/
Facebook https://www.facebook.com/msbanks94/ 
TikTok https://www.tiktok.com/@bigbanks
Apple Music and Spotify https://platoon.lnk.to/ms-banks

#MsBanks #NairaMarley #Party

Lyrics

When I enter di party 
I can feel the mandem on me 
Baby boy I know you want me 
Cos the way you‚Äôre looking at my body x2

Bill a vibe let‚Äôs a spark it I got you moving like a zombie 
You know I‚Äôm coming wid the army big up the gyal dem wid da tightest punani 

Know I ain‚Äôt inna all the long ting 
Shebi you wanna gimme sumtin?
Don‚Äôt play around cos you been looking you been hunting 
So buss it open like a pumpkin 

Any where you wanna go I wanna go 
Baby we do it on the low I wanna roll 
U see di way u see mi so put on a show 
Na oya now let‚Äôs go let‚Äôs go lets go 

If u really wanna roll I wanna roll 
U think you have under control but no be so 
U see di way I whine low put on a show 
Say baby now let‚Äôs go let‚Äôs go let‚Äôs go 

Hook 

Baby don‚Äôt stop don‚Äôt take it slow 
Where you wanna go I‚Äôll go baby let‚Äôs roll 
Yhyh

You got the sweetest remedy
Feel it from your energy you‚Äôre next to me 
Yhyh

Any where you wanna go I wanna go 
Baby we do it on the low I wanna roll 
U see di way u see mi so put on a show 
Na oya now let‚Äôs go let‚Äôs go lets go 

If u really wanna roll I wanna roll 
U think you have under control but no be so 
U see di way I whine low put on a show 
Say baby now let‚Äôs go let‚Äôs go let‚Äôs go

Hook 

You see for you, I will come round there
Put something long baby under your skirt
Round 1, round 2, mo ma dey round 10
Isit me and you or should i bring my friend
 
Ms banks you know i'm waiting for the postcode
Convoy tell my nigga lets go
Dick so good you won't need your sex toy
Skin to skin fucking with the best boy
 
Shey you want to twerk for me ni, 
bend over hands on knees, I say
Shey you want to twerk for me ni, 
bend over hands on knees
 
See the way you shake that batty
It's like magic my dick start rising
No bra gang your nipple still standing
Wanna do things with you thats nasty
 
Gang gang it's the gassed up party
Lightskin, dark skin, all types of barbies
Alcohol, ganja, canisters, MD
No beefing me say good vibes only 
 
Shey you want to twerk for me ni, 
bend over hands on knees, I say
Shey you want to twerk for me ni, 
bend over hands on knees

Hook",Ms Banks,,10,none,,
2021-11-11T23:01:12Z,Omah Lay - Free My Mind (Official Lyric Video),"Listen to ""Free My Mind"" out now: https://omahlay.lnk.to/FreeMyMind

Follow Omah Lay:
https://www.instagram.com/omah_lay/
https://twitter.com/Omah_Lay
https://www.facebook.com/OfficialOmahLay
https://www.tiktok.com/@omah_lay
https://open.spotify.com/artist/5yOvAmpIR7hVxiS6Ls5DPO?si=PkzWcbzMTKCb-OEIhyHbRA
https://music.apple.com/artist/omah-lay/1459319359",Omah Lay,,10,none,,
2021-11-04T16:00:26Z,Wande Coal - Come My Way (Official Video),"Listen to the single ""Come My Way"". Out now!
Stream: https://music.empi.re/comemyway.oyd

#WandeCoal #ComeMyWay #StarstruckManagement

Official Video by Wande Coal - Come My Way ¬© 2021 Starstruck Management / EMPIRE",Wande Coal,,10,none,,
2021-11-04T12:39:53Z,OBA BI OLORUN 2 Latest Yoruba Movie 2021Olamilekan Show|Baba Wande|Kola Oyewo|Toyin Alausa|Muyiwa Ad,"OBA BI OLORUN 2 the concluding part of that fantastic story. 
Starring 
Baba Wande, Kola Oyewo, Peter Fatomilola, Muyiwa Ademola, Fathia Balogun, Ibrahim Yekini Itele, Toyin Alausa, Shoneye Olamilekan, Madam Saje, Bukola Awoyemi, Oyebade Bimpe, Jumoke George, Akin Olaiya, Fausat Balogun, Yinka Quadri, Yemi Elesho, Fatai Odua Lalude",LibraTv,,1,none,,
2021-11-04T09:30:03Z,Ploy 2 Latest Yoruba Movie 2021 Drama Starring Wunmi Toriola |Bimpe Oyebade|Remi Surutu |Jaiye Kuti,"Nothing could come between the love of a beautiful and successful mother and her only son. When her son come across a lady who is ready to mingle for a romantic affair, trouble becomes between them. Find out more.
This movie stars Wunmi Toriola, Bimpe Oyebade, Remi Surutu, Jaiye Kuti, Opeyemi Aiyeola, Khazim Danmola.

Please SUBSCRIBE to Yorubaplus Today by clicking on the Subscribe Button and don't forget to activate the Bell notification button to get notified of our latest yoruba movies release updates.

Follow us on IG.Twitter and FB: @Yorubaplus",Yorubaplus,,24,none,,
2021-11-05T17:20:46Z,AFRICAN HOME: RECONCILIATION,"In This Episode, Mama Ojo And Ojo Went Visiting Papa Ojo After She Was Driven Out Of Grandma Ojo‚Äôs House. How Will Papa Ojo Receive Them? Find Out!


SECOND CHANNEL - https://www.youtube.com/channel/UCEuMxZxgHqrVXzwd5julx8Q
Follow me on Instagram: https://www.instagram.com/samspedy/

https://linktr.ee/SamSpedy

Song Store Links
iTunes: http://itunes.apple.com/album/id15303...
Apple Music: http://itunes.apple.com/album/id/1530...
Spotify: https://open.spotify.com/album/0nJNPy...


Thanks For Watching!
Thumbs Up, Share And Subscribe!

#samspedy #africanhome #reconciliation",SamSpedy,,23,none,,
2021-10-31T17:00:23Z,MOTHER OF SEVEN (NEW COMPLETE MOVIE) - STEPHEN ODIMGBE & EBELE OKARO 2021 LATEST NIGERIAN MOVIE,"Click Here To Subscribe To Starconnecttv ........... https://bit.ly/2RkUXeQ

Watch Best Of Nigerian Nollywood Movies ,Watch Best of Nigerian actress,Best Of Nigerian Actors, Best Of Mercy Johnson, Best Of Ini Edo, best of tonto Dikeh, in Nollywood movies, action, Romance, Drama, epic, Only on youtube Best Of Nollywood Channel, see clips, trailer's and exclusives on Nollywood Movies. This Youtube channel brings you the best on Nigerian movies free, Hot, watch movies online here on this channel.
Nollywood Movies brings you the best of entertainment on YouTube channel, FREE movies is all you get here each time you visit the Nollywood Romance Youtube Channel, for new and Latest 2019 Nigerian films, just subscribe to this channel on Youtube


Watch Nollywood movies on Nollywood Romance, FREE African movies, Nigerian FREE Movies on Youtube. Our passion for Movie making is to produce thousands of free Nollywood Movies, Nigerian movies, Ghana movies, Watch exciting youtube movies on Nollywood channels Enjoy free Nigerian movies here,
#Nollywoodmovies #Nigerianmovies #Ghanamovies #Latestmovies #2018 Movies #2020movies #2021 Movies",Starconnecttv,,24,none,,
